Minimax,Minimax,"[3, 3]","('Easy', 'Easy')",12,0.743,Player_1
Minimax,Minimax,"[3, 3]","('Easy', 'Easy')",12,0.741,Player_1
Minimax,Minimax_AlphaBeta,"[3, 3]","('Easy', 'Easy')",12,0.745,Player_1
Minimax,Minimax_AlphaBeta,"[3, 3]","('Easy', 'Easy')",12,0.743,Player_1
Minimax,Monte_Carlo_TS,"[3, 3]","('Easy', 'Easy')",12,0.742,Player_1
Minimax,Monte_Carlo_TS,"[3, 3]","('Easy', 'Easy')",12,0.744,Player_1
Minimax_AlphaBeta,Minimax,"[3, 3]","('Easy', 'Easy')",12,0.743,Player_1
Minimax_AlphaBeta,Minimax,"[3, 3]","('Easy', 'Easy')",12,0.744,Player_1
Minimax_AlphaBeta,Minimax_AlphaBeta,"[3, 3]","('Easy', 'Easy')",12,0.749,Player_1
Minimax_AlphaBeta,Minimax_AlphaBeta,"[3, 3]","('Easy', 'Easy')",12,0.747,Player_1
Minimax_AlphaBeta,Monte_Carlo_TS,"[3, 3]","('Easy', 'Easy')",12,0.744,Player_1
Minimax_AlphaBeta,Monte_Carlo_TS,"[3, 3]","('Easy', 'Easy')",12,0.743,Player_1
Monte_Carlo_TS,Minimax,"[3, 3]","('Easy', 'Easy')",12,0.739,Player_1
Monte_Carlo_TS,Minimax,"[3, 3]","('Easy', 'Easy')",12,0.748,Player_1
Monte_Carlo_TS,Minimax_AlphaBeta,"[3, 3]","('Easy', 'Easy')",12,0.745,Player_1
Monte_Carlo_TS,Minimax_AlphaBeta,"[3, 3]","('Easy', 'Easy')",12,0.741,Player_1
Monte_Carlo_TS,Monte_Carlo_TS,"[3, 3]","('Easy', 'Easy')",12,0.747,Player_1
Monte_Carlo_TS,Monte_Carlo_TS,"[3, 3]","('Easy', 'Easy')",12,0.745,Player_1
Minimax,Minimax,"[3, 3]","('Easy', 'Medium')",13,0.807,Player_2
Minimax,Minimax,"[3, 3]","('Easy', 'Medium')",14,0.874,Player_1
Minimax,Minimax_AlphaBeta,"[3, 3]","('Easy', 'Medium')",13,0.812,Player_2
Minimax,Minimax_AlphaBeta,"[3, 3]","('Easy', 'Medium')",14,0.88,Player_1
Minimax,Monte_Carlo_TS,"[3, 3]","('Easy', 'Medium')",13,11.637,Player_2
Minimax,Monte_Carlo_TS,"[3, 3]","('Easy', 'Medium')",10,4.165,Player_1
Minimax_AlphaBeta,Minimax,"[3, 3]","('Easy', 'Medium')",13,0.811,Player_2
Minimax_AlphaBeta,Minimax,"[3, 3]","('Easy', 'Medium')",14,0.879,Player_1
Minimax_AlphaBeta,Minimax_AlphaBeta,"[3, 3]","('Easy', 'Medium')",13,0.814,Player_2
Minimax_AlphaBeta,Minimax_AlphaBeta,"[3, 3]","('Easy', 'Medium')",14,0.881,Player_1
Minimax_AlphaBeta,Monte_Carlo_TS,"[3, 3]","('Easy', 'Medium')",13,11.623,Player_2
Minimax_AlphaBeta,Monte_Carlo_TS,"[3, 3]","('Easy', 'Medium')",10,4.224,Player_1
Monte_Carlo_TS,Minimax,"[3, 3]","('Easy', 'Medium')",13,0.817,Player_2
Monte_Carlo_TS,Minimax,"[3, 3]","('Easy', 'Medium')",14,0.875,Player_1
Monte_Carlo_TS,Minimax_AlphaBeta,"[3, 3]","('Easy', 'Medium')",13,0.806,Player_2
Monte_Carlo_TS,Minimax_AlphaBeta,"[3, 3]","('Easy', 'Medium')",14,0.882,Player_1
Monte_Carlo_TS,Monte_Carlo_TS,"[3, 3]","('Easy', 'Medium')",13,11.727,Player_2
Monte_Carlo_TS,Monte_Carlo_TS,"[3, 3]","('Easy', 'Medium')",10,4.155,Player_1
Minimax,Minimax,"[3, 3]","('Easy', 'Hard')",13,0.813,Player_2
Minimax,Minimax,"[3, 3]","('Easy', 'Hard')",12,0.745,Player_1
Minimax,Minimax_AlphaBeta,"[3, 3]","('Easy', 'Hard')",13,0.815,Player_2
Minimax,Minimax_AlphaBeta,"[3, 3]","('Easy', 'Hard')",12,0.74,Player_1
Minimax,Monte_Carlo_TS,"[3, 3]","('Easy', 'Hard')",8,9.916,Player_1
Minimax,Monte_Carlo_TS,"[3, 3]","('Easy', 'Hard')",10,6.614,Player_1
Minimax_AlphaBeta,Minimax,"[3, 3]","('Easy', 'Hard')",13,0.806,Player_2
Minimax_AlphaBeta,Minimax,"[3, 3]","('Easy', 'Hard')",12,0.749,Player_1
Minimax_AlphaBeta,Minimax_AlphaBeta,"[3, 3]","('Easy', 'Hard')",13,0.815,Player_2
Minimax_AlphaBeta,Minimax_AlphaBeta,"[3, 3]","('Easy', 'Hard')",12,0.744,Player_1
Minimax_AlphaBeta,Monte_Carlo_TS,"[3, 3]","('Easy', 'Hard')",8,9.771,Player_1
Minimax_AlphaBeta,Monte_Carlo_TS,"[3, 3]","('Easy', 'Hard')",10,6.554,Player_1
Monte_Carlo_TS,Minimax,"[3, 3]","('Easy', 'Hard')",13,0.805,Player_2
Monte_Carlo_TS,Minimax,"[3, 3]","('Easy', 'Hard')",12,0.746,Player_1
Monte_Carlo_TS,Minimax_AlphaBeta,"[3, 3]","('Easy', 'Hard')",13,0.817,Player_2
Monte_Carlo_TS,Minimax_AlphaBeta,"[3, 3]","('Easy', 'Hard')",12,0.744,Player_1
Monte_Carlo_TS,Monte_Carlo_TS,"[3, 3]","('Easy', 'Hard')",8,9.811,Player_1
Monte_Carlo_TS,Monte_Carlo_TS,"[3, 3]","('Easy', 'Hard')",10,6.618,Player_1
Minimax,Minimax,"[3, 3]","('Medium', 'Easy')",14,0.882,Player_1
Minimax,Minimax,"[3, 3]","('Medium', 'Easy')",13,0.811,Player_2
Minimax,Minimax_AlphaBeta,"[3, 3]","('Medium', 'Easy')",14,0.882,Player_1
Minimax,Minimax_AlphaBeta,"[3, 3]","('Medium', 'Easy')",13,0.814,Player_2
Minimax,Monte_Carlo_TS,"[3, 3]","('Medium', 'Easy')",14,0.881,Player_1
Minimax,Monte_Carlo_TS,"[3, 3]","('Medium', 'Easy')",13,0.815,Player_2
Minimax_AlphaBeta,Minimax,"[3, 3]","('Medium', 'Easy')",14,0.88,Player_1
Minimax_AlphaBeta,Minimax,"[3, 3]","('Medium', 'Easy')",13,0.816,Player_2
Minimax_AlphaBeta,Minimax_AlphaBeta,"[3, 3]","('Medium', 'Easy')",14,0.874,Player_1
Minimax_AlphaBeta,Minimax_AlphaBeta,"[3, 3]","('Medium', 'Easy')",13,0.81,Player_2
Minimax_AlphaBeta,Monte_Carlo_TS,"[3, 3]","('Medium', 'Easy')",14,0.879,Player_1
Minimax_AlphaBeta,Monte_Carlo_TS,"[3, 3]","('Medium', 'Easy')",13,0.813,Player_2
Monte_Carlo_TS,Minimax,"[3, 3]","('Medium', 'Easy')",10,4.245,Player_1
Monte_Carlo_TS,Minimax,"[3, 3]","('Medium', 'Easy')",13,11.79,Player_2
Monte_Carlo_TS,Minimax_AlphaBeta,"[3, 3]","('Medium', 'Easy')",10,4.198,Player_1
Monte_Carlo_TS,Minimax_AlphaBeta,"[3, 3]","('Medium', 'Easy')",13,11.658,Player_2
Monte_Carlo_TS,Monte_Carlo_TS,"[3, 3]","('Medium', 'Easy')",10,4.172,Player_1
Monte_Carlo_TS,Monte_Carlo_TS,"[3, 3]","('Medium', 'Easy')",13,11.693,Player_2
Minimax,Minimax,"[3, 3]","('Medium', 'Medium')",13,0.808,Player_2
Minimax,Minimax,"[3, 3]","('Medium', 'Medium')",13,0.814,Player_2
Minimax,Minimax_AlphaBeta,"[3, 3]","('Medium', 'Medium')",13,0.817,Player_2
Minimax,Minimax_AlphaBeta,"[3, 3]","('Medium', 'Medium')",13,0.815,Player_2
Minimax,Monte_Carlo_TS,"[3, 3]","('Medium', 'Medium')",13,10.076,Player_2
Minimax,Monte_Carlo_TS,"[3, 3]","('Medium', 'Medium')",10,4.153,Player_1
Minimax_AlphaBeta,Minimax,"[3, 3]","('Medium', 'Medium')",13,0.816,Player_2
Minimax_AlphaBeta,Minimax,"[3, 3]","('Medium', 'Medium')",13,0.814,Player_2
Minimax_AlphaBeta,Minimax_AlphaBeta,"[3, 3]","('Medium', 'Medium')",13,0.814,Player_2
Minimax_AlphaBeta,Minimax_AlphaBeta,"[3, 3]","('Medium', 'Medium')",13,0.808,Player_2
Minimax_AlphaBeta,Monte_Carlo_TS,"[3, 3]","('Medium', 'Medium')",13,10.124,Player_2
Minimax_AlphaBeta,Monte_Carlo_TS,"[3, 3]","('Medium', 'Medium')",10,4.152,Player_1
Monte_Carlo_TS,Minimax,"[3, 3]","('Medium', 'Medium')",10,4.26,Player_1
Monte_Carlo_TS,Minimax,"[3, 3]","('Medium', 'Medium')",13,9.954,Player_2
Monte_Carlo_TS,Minimax_AlphaBeta,"[3, 3]","('Medium', 'Medium')",10,4.221,Player_1
Monte_Carlo_TS,Minimax_AlphaBeta,"[3, 3]","('Medium', 'Medium')",13,9.959,Player_2
Monte_Carlo_TS,Monte_Carlo_TS,"[3, 3]","('Medium', 'Medium')",10,6.097,Player_1
Monte_Carlo_TS,Monte_Carlo_TS,"[3, 3]","('Medium', 'Medium')",10,6.047,Player_1
Minimax,Minimax,"[3, 3]","('Medium', 'Hard')",15,0.95,Player_2
Minimax,Minimax,"[3, 3]","('Medium', 'Hard')",10,0.606,Player_1
Minimax,Minimax_AlphaBeta,"[3, 3]","('Medium', 'Hard')",15,0.945,Player_2
Minimax,Minimax_AlphaBeta,"[3, 3]","('Medium', 'Hard')",10,0.613,Player_1
Minimax,Monte_Carlo_TS,"[3, 3]","('Medium', 'Hard')",8,9.919,Player_1
Minimax,Monte_Carlo_TS,"[3, 3]","('Medium', 'Hard')",10,6.594,Player_1
Minimax_AlphaBeta,Minimax,"[3, 3]","('Medium', 'Hard')",15,0.942,Player_2
Minimax_AlphaBeta,Minimax,"[3, 3]","('Medium', 'Hard')",10,0.615,Player_1
Minimax_AlphaBeta,Minimax_AlphaBeta,"[3, 3]","('Medium', 'Hard')",15,0.948,Player_2
Minimax_AlphaBeta,Minimax_AlphaBeta,"[3, 3]","('Medium', 'Hard')",10,0.61,Player_1
Minimax_AlphaBeta,Monte_Carlo_TS,"[3, 3]","('Medium', 'Hard')",8,9.817,Player_1
Minimax_AlphaBeta,Monte_Carlo_TS,"[3, 3]","('Medium', 'Hard')",10,6.578,Player_1
Monte_Carlo_TS,Minimax,"[3, 3]","('Medium', 'Hard')",10,4.262,Player_1
Monte_Carlo_TS,Minimax,"[3, 3]","('Medium', 'Hard')",18,-307.797,Draw
Monte_Carlo_TS,Minimax_AlphaBeta,"[3, 3]","('Medium', 'Hard')",10,4.61,Player_1
Monte_Carlo_TS,Minimax_AlphaBeta,"[3, 3]","('Medium', 'Hard')",18,-4.838,Draw
Monte_Carlo_TS,Monte_Carlo_TS,"[3, 3]","('Medium', 'Hard')",10,6.144,Player_1
Monte_Carlo_TS,Monte_Carlo_TS,"[3, 3]","('Medium', 'Hard')",10,9.451,Player_1
Minimax,Minimax,"[3, 3]","('Hard', 'Easy')",12,0.745,Player_1
Minimax,Minimax,"[3, 3]","('Hard', 'Easy')",13,0.812,Player_2
Minimax,Minimax_AlphaBeta,"[3, 3]","('Hard', 'Easy')",12,0.744,Player_1
Minimax,Minimax_AlphaBeta,"[3, 3]","('Hard', 'Easy')",13,0.816,Player_2
Minimax,Monte_Carlo_TS,"[3, 3]","('Hard', 'Easy')",12,0.751,Player_1
Minimax,Monte_Carlo_TS,"[3, 3]","('Hard', 'Easy')",13,0.805,Player_2
Minimax_AlphaBeta,Minimax,"[3, 3]","('Hard', 'Easy')",12,0.741,Player_1
Minimax_AlphaBeta,Minimax,"[3, 3]","('Hard', 'Easy')",13,0.819,Player_2
Minimax_AlphaBeta,Minimax_AlphaBeta,"[3, 3]","('Hard', 'Easy')",12,0.746,Player_1
Minimax_AlphaBeta,Minimax_AlphaBeta,"[3, 3]","('Hard', 'Easy')",13,0.812,Player_2
Minimax_AlphaBeta,Monte_Carlo_TS,"[3, 3]","('Hard', 'Easy')",12,0.748,Player_1
Minimax_AlphaBeta,Monte_Carlo_TS,"[3, 3]","('Hard', 'Easy')",13,0.812,Player_2
Monte_Carlo_TS,Minimax,"[3, 3]","('Hard', 'Easy')",10,6.612,Player_1
Monte_Carlo_TS,Minimax,"[3, 3]","('Hard', 'Easy')",8,9.757,Player_1
Monte_Carlo_TS,Minimax_AlphaBeta,"[3, 3]","('Hard', 'Easy')",10,6.626,Player_1
Monte_Carlo_TS,Minimax_AlphaBeta,"[3, 3]","('Hard', 'Easy')",8,9.753,Player_1
Monte_Carlo_TS,Monte_Carlo_TS,"[3, 3]","('Hard', 'Easy')",10,6.683,Player_1
Monte_Carlo_TS,Monte_Carlo_TS,"[3, 3]","('Hard', 'Easy')",8,9.801,Player_1
Minimax,Minimax,"[3, 3]","('Hard', 'Medium')",10,0.611,Player_1
Minimax,Minimax,"[3, 3]","('Hard', 'Medium')",15,0.947,Player_2
Minimax,Minimax_AlphaBeta,"[3, 3]","('Hard', 'Medium')",10,0.61,Player_1
Minimax,Minimax_AlphaBeta,"[3, 3]","('Hard', 'Medium')",15,0.947,Player_2
Minimax,Monte_Carlo_TS,"[3, 3]","('Hard', 'Medium')",18,-77.67,Draw
Minimax,Monte_Carlo_TS,"[3, 3]","('Hard', 'Medium')",10,4.577,Player_1
Minimax_AlphaBeta,Minimax,"[3, 3]","('Hard', 'Medium')",10,0.612,Player_1
Minimax_AlphaBeta,Minimax,"[3, 3]","('Hard', 'Medium')",15,0.951,Player_2
Minimax_AlphaBeta,Minimax_AlphaBeta,"[3, 3]","('Hard', 'Medium')",10,0.611,Player_1
Minimax_AlphaBeta,Minimax_AlphaBeta,"[3, 3]","('Hard', 'Medium')",15,0.948,Player_2
Minimax_AlphaBeta,Monte_Carlo_TS,"[3, 3]","('Hard', 'Medium')",18,-7.952,Draw
Minimax_AlphaBeta,Monte_Carlo_TS,"[3, 3]","('Hard', 'Medium')",10,4.435,Player_1
Monte_Carlo_TS,Minimax,"[3, 3]","('Hard', 'Medium')",10,6.651,Player_1
Monte_Carlo_TS,Minimax,"[3, 3]","('Hard', 'Medium')",8,9.706,Player_1
Monte_Carlo_TS,Minimax_AlphaBeta,"[3, 3]","('Hard', 'Medium')",10,6.673,Player_1
Monte_Carlo_TS,Minimax_AlphaBeta,"[3, 3]","('Hard', 'Medium')",8,9.743,Player_1
Monte_Carlo_TS,Monte_Carlo_TS,"[3, 3]","('Hard', 'Medium')",10,9.625,Player_1
Monte_Carlo_TS,Monte_Carlo_TS,"[3, 3]","('Hard', 'Medium')",10,5.877,Player_1
Minimax,Minimax,"[3, 3]","('Hard', 'Hard')",10,0.61,Player_1
Minimax,Minimax,"[3, 3]","('Hard', 'Hard')",10,0.61,Player_1
Minimax,Minimax_AlphaBeta,"[3, 3]","('Hard', 'Hard')",10,0.607,Player_1
Minimax,Minimax_AlphaBeta,"[3, 3]","('Hard', 'Hard')",10,0.608,Player_1
Minimax,Monte_Carlo_TS,"[3, 3]","('Hard', 'Hard')",17,-55.437,Draw
Minimax,Monte_Carlo_TS,"[3, 3]","('Hard', 'Hard')",10,7.159,Player_1
Minimax_AlphaBeta,Minimax,"[3, 3]","('Hard', 'Hard')",10,0.605,Player_1
Minimax_AlphaBeta,Minimax,"[3, 3]","('Hard', 'Hard')",10,0.612,Player_1
Minimax_AlphaBeta,Minimax_AlphaBeta,"[3, 3]","('Hard', 'Hard')",10,0.61,Player_1
Minimax_AlphaBeta,Minimax_AlphaBeta,"[3, 3]","('Hard', 'Hard')",10,0.61,Player_1
Minimax_AlphaBeta,Monte_Carlo_TS,"[3, 3]","('Hard', 'Hard')",17,-9.858,Draw
Minimax_AlphaBeta,Monte_Carlo_TS,"[3, 3]","('Hard', 'Hard')",10,6.899,Player_1
Monte_Carlo_TS,Minimax,"[3, 3]","('Hard', 'Hard')",10,6.629,Player_1
Monte_Carlo_TS,Minimax,"[3, 3]","('Hard', 'Hard')",17,-13.773,Draw
Monte_Carlo_TS,Minimax_AlphaBeta,"[3, 3]","('Hard', 'Hard')",10,6.902,Player_1
Monte_Carlo_TS,Minimax_AlphaBeta,"[3, 3]","('Hard', 'Hard')",17,-7.148,Draw
Monte_Carlo_TS,Monte_Carlo_TS,"[3, 3]","('Hard', 'Hard')",10,9.015,Player_1
Monte_Carlo_TS,Monte_Carlo_TS,"[3, 3]","('Hard', 'Hard')",10,8.698,Player_1
Minimax,Minimax,"[5, 5]","('Easy', 'Easy')",27,-17.973,Draw
Minimax,Minimax,"[5, 5]","('Easy', 'Easy')",27,-0.217,Draw
Minimax,Minimax_AlphaBeta,"[5, 5]","('Easy', 'Easy')",27,-0.23,Draw
Minimax,Minimax_AlphaBeta,"[5, 5]","('Easy', 'Easy')",27,-0.232,Draw
Minimax,Monte_Carlo_TS,"[5, 5]","('Easy', 'Easy')",27,-0.22,Draw
Minimax,Monte_Carlo_TS,"[5, 5]","('Easy', 'Easy')",27,-0.242,Draw
Minimax_AlphaBeta,Minimax,"[5, 5]","('Easy', 'Easy')",27,-0.235,Draw
Minimax_AlphaBeta,Minimax,"[5, 5]","('Easy', 'Easy')",27,-0.27,Draw
Minimax_AlphaBeta,Minimax_AlphaBeta,"[5, 5]","('Easy', 'Easy')",27,-0.192,Draw
Minimax_AlphaBeta,Minimax_AlphaBeta,"[5, 5]","('Easy', 'Easy')",27,-0.218,Draw
Minimax_AlphaBeta,Monte_Carlo_TS,"[5, 5]","('Easy', 'Easy')",27,-0.195,Draw
Minimax_AlphaBeta,Monte_Carlo_TS,"[5, 5]","('Easy', 'Easy')",27,-0.188,Draw
Monte_Carlo_TS,Minimax,"[5, 5]","('Easy', 'Easy')",27,-0.218,Draw
Monte_Carlo_TS,Minimax,"[5, 5]","('Easy', 'Easy')",27,-0.242,Draw
Monte_Carlo_TS,Minimax_AlphaBeta,"[5, 5]","('Easy', 'Easy')",27,-0.216,Draw
Monte_Carlo_TS,Minimax_AlphaBeta,"[5, 5]","('Easy', 'Easy')",27,-0.192,Draw
Monte_Carlo_TS,Monte_Carlo_TS,"[5, 5]","('Easy', 'Easy')",27,-0.205,Draw
Monte_Carlo_TS,Monte_Carlo_TS,"[5, 5]","('Easy', 'Easy')",27,-0.203,Draw
Minimax,Minimax,"[5, 5]","('Easy', 'Medium')",17,-0.199,Draw
Minimax,Minimax,"[5, 5]","('Easy', 'Medium')",16,1.045,Player_1
Minimax,Minimax_AlphaBeta,"[5, 5]","('Easy', 'Medium')",17,-1.243,Draw
Minimax,Minimax_AlphaBeta,"[5, 5]","('Easy', 'Medium')",16,1.031,Player_1
Minimax,Monte_Carlo_TS,"[5, 5]","('Easy', 'Medium')",16,7.315,Player_1
Minimax,Monte_Carlo_TS,"[5, 5]","('Easy', 'Medium')",32,-8.55,Draw
Minimax_AlphaBeta,Minimax,"[5, 5]","('Easy', 'Medium')",17,-0.2,Draw
Minimax_AlphaBeta,Minimax,"[5, 5]","('Easy', 'Medium')",16,1.069,Player_1
Minimax_AlphaBeta,Minimax_AlphaBeta,"[5, 5]","('Easy', 'Medium')",17,-1.304,Draw
Minimax_AlphaBeta,Minimax_AlphaBeta,"[5, 5]","('Easy', 'Medium')",16,1.028,Player_1
Minimax_AlphaBeta,Monte_Carlo_TS,"[5, 5]","('Easy', 'Medium')",16,7.301,Player_1
Minimax_AlphaBeta,Monte_Carlo_TS,"[5, 5]","('Easy', 'Medium')",32,-8.56,Draw
Monte_Carlo_TS,Minimax,"[5, 5]","('Easy', 'Medium')",17,-0.224,Draw
Monte_Carlo_TS,Minimax,"[5, 5]","('Easy', 'Medium')",16,1.036,Player_1
Monte_Carlo_TS,Minimax_AlphaBeta,"[5, 5]","('Easy', 'Medium')",17,-1.268,Draw
Monte_Carlo_TS,Minimax_AlphaBeta,"[5, 5]","('Easy', 'Medium')",16,1.041,Player_1
Monte_Carlo_TS,Monte_Carlo_TS,"[5, 5]","('Easy', 'Medium')",16,7.269,Player_1
Monte_Carlo_TS,Monte_Carlo_TS,"[5, 5]","('Easy', 'Medium')",32,-8.538,Draw
Minimax,Minimax,"[5, 5]","('Easy', 'Hard')",17,3.955,Player_2
Minimax,Minimax,"[5, 5]","('Easy', 'Hard')",18,2.799,Player_1
Minimax,Minimax_AlphaBeta,"[5, 5]","('Easy', 'Hard')",17,1.392,Player_2
Minimax,Minimax_AlphaBeta,"[5, 5]","('Easy', 'Hard')",18,1.492,Player_1
Minimax,Monte_Carlo_TS,"[5, 5]","('Easy', 'Hard')",23,37.752,Player_2
Minimax,Monte_Carlo_TS,"[5, 5]","('Easy', 'Hard')",30,47.725,Player_1
Minimax_AlphaBeta,Minimax,"[5, 5]","('Easy', 'Hard')",17,3.688,Player_2
Minimax_AlphaBeta,Minimax,"[5, 5]","('Easy', 'Hard')",18,2.836,Player_1
Minimax_AlphaBeta,Minimax_AlphaBeta,"[5, 5]","('Easy', 'Hard')",17,1.357,Player_2
Minimax_AlphaBeta,Minimax_AlphaBeta,"[5, 5]","('Easy', 'Hard')",18,1.485,Player_1
Minimax_AlphaBeta,Monte_Carlo_TS,"[5, 5]","('Easy', 'Hard')",23,37.977,Player_2
Minimax_AlphaBeta,Monte_Carlo_TS,"[5, 5]","('Easy', 'Hard')",30,47.867,Player_1
Monte_Carlo_TS,Minimax,"[5, 5]","('Easy', 'Hard')",17,3.735,Player_2
Monte_Carlo_TS,Minimax,"[5, 5]","('Easy', 'Hard')",18,2.798,Player_1
Monte_Carlo_TS,Minimax_AlphaBeta,"[5, 5]","('Easy', 'Hard')",17,1.361,Player_2
Monte_Carlo_TS,Minimax_AlphaBeta,"[5, 5]","('Easy', 'Hard')",18,1.49,Player_1
Monte_Carlo_TS,Monte_Carlo_TS,"[5, 5]","('Easy', 'Hard')",23,38.119,Player_2
Monte_Carlo_TS,Monte_Carlo_TS,"[5, 5]","('Easy', 'Hard')",30,48.09,Player_1
Minimax,Minimax,"[5, 5]","('Medium', 'Easy')",16,1.016,Player_1
Minimax,Minimax,"[5, 5]","('Medium', 'Easy')",17,-287.24,Draw
Minimax,Minimax_AlphaBeta,"[5, 5]","('Medium', 'Easy')",16,1.026,Player_1
Minimax,Minimax_AlphaBeta,"[5, 5]","('Medium', 'Easy')",17,-1.237,Draw
Minimax,Monte_Carlo_TS,"[5, 5]","('Medium', 'Easy')",16,1.028,Player_1
Minimax,Monte_Carlo_TS,"[5, 5]","('Medium', 'Easy')",17,-1.244,Draw
Minimax_AlphaBeta,Minimax,"[5, 5]","('Medium', 'Easy')",16,1.023,Player_1
Minimax_AlphaBeta,Minimax,"[5, 5]","('Medium', 'Easy')",17,-1.218,Draw
Minimax_AlphaBeta,Minimax_AlphaBeta,"[5, 5]","('Medium', 'Easy')",16,1.025,Player_1
Minimax_AlphaBeta,Minimax_AlphaBeta,"[5, 5]","('Medium', 'Easy')",17,-1.243,Draw
Minimax_AlphaBeta,Monte_Carlo_TS,"[5, 5]","('Medium', 'Easy')",16,1.029,Player_1
Minimax_AlphaBeta,Monte_Carlo_TS,"[5, 5]","('Medium', 'Easy')",17,-1.241,Draw
Monte_Carlo_TS,Minimax,"[5, 5]","('Medium', 'Easy')",32,-0.21,Draw
Monte_Carlo_TS,Minimax,"[5, 5]","('Medium', 'Easy')",16,7.566,Player_1
Monte_Carlo_TS,Minimax_AlphaBeta,"[5, 5]","('Medium', 'Easy')",32,-7.776,Draw
Monte_Carlo_TS,Minimax_AlphaBeta,"[5, 5]","('Medium', 'Easy')",16,7.585,Player_1
Monte_Carlo_TS,Monte_Carlo_TS,"[5, 5]","('Medium', 'Easy')",32,-7.795,Draw
Monte_Carlo_TS,Monte_Carlo_TS,"[5, 5]","('Medium', 'Easy')",16,7.768,Player_1
Minimax,Minimax,"[5, 5]","('Medium', 'Medium')",26,1.702,Player_1
Minimax,Minimax,"[5, 5]","('Medium', 'Medium')",26,1.693,Player_1
Minimax,Minimax_AlphaBeta,"[5, 5]","('Medium', 'Medium')",26,1.701,Player_1
Minimax,Minimax_AlphaBeta,"[5, 5]","('Medium', 'Medium')",26,1.687,Player_1
Minimax,Monte_Carlo_TS,"[5, 5]","('Medium', 'Medium')",24,10.368,Player_1
Minimax,Monte_Carlo_TS,"[5, 5]","('Medium', 'Medium')",17,8.495,Player_2
Minimax_AlphaBeta,Minimax,"[5, 5]","('Medium', 'Medium')",26,1.681,Player_1
Minimax_AlphaBeta,Minimax,"[5, 5]","('Medium', 'Medium')",26,1.697,Player_1
Minimax_AlphaBeta,Minimax_AlphaBeta,"[5, 5]","('Medium', 'Medium')",26,1.692,Player_1
Minimax_AlphaBeta,Minimax_AlphaBeta,"[5, 5]","('Medium', 'Medium')",26,1.684,Player_1
Minimax_AlphaBeta,Monte_Carlo_TS,"[5, 5]","('Medium', 'Medium')",24,10.021,Player_1
Minimax_AlphaBeta,Monte_Carlo_TS,"[5, 5]","('Medium', 'Medium')",17,8.46,Player_2
Monte_Carlo_TS,Minimax,"[5, 5]","('Medium', 'Medium')",17,8.66,Player_2
Monte_Carlo_TS,Minimax,"[5, 5]","('Medium', 'Medium')",24,10.275,Player_1
Monte_Carlo_TS,Minimax_AlphaBeta,"[5, 5]","('Medium', 'Medium')",17,8.542,Player_2
Monte_Carlo_TS,Minimax_AlphaBeta,"[5, 5]","('Medium', 'Medium')",24,9.987,Player_1
Monte_Carlo_TS,Monte_Carlo_TS,"[5, 5]","('Medium', 'Medium')",18,14.94,Player_1
Monte_Carlo_TS,Monte_Carlo_TS,"[5, 5]","('Medium', 'Medium')",18,14.97,Player_1
Minimax,Minimax,"[5, 5]","('Medium', 'Hard')",26,2.9,Player_1
Minimax,Minimax,"[5, 5]","('Medium', 'Hard')",18,3.321,Player_1
Minimax,Minimax_AlphaBeta,"[5, 5]","('Medium', 'Hard')",26,1.934,Player_1
Minimax,Minimax_AlphaBeta,"[5, 5]","('Medium', 'Hard')",18,1.62,Player_1
Minimax,Monte_Carlo_TS,"[5, 5]","('Medium', 'Hard')",27,34.536,Player_2
Minimax,Monte_Carlo_TS,"[5, 5]","('Medium', 'Hard')",29,57.547,Player_2
Minimax_AlphaBeta,Minimax,"[5, 5]","('Medium', 'Hard')",26,2.858,Player_1
Minimax_AlphaBeta,Minimax,"[5, 5]","('Medium', 'Hard')",18,3.23,Player_1
Minimax_AlphaBeta,Minimax_AlphaBeta,"[5, 5]","('Medium', 'Hard')",26,1.927,Player_1
Minimax_AlphaBeta,Minimax_AlphaBeta,"[5, 5]","('Medium', 'Hard')",18,1.616,Player_1
Minimax_AlphaBeta,Monte_Carlo_TS,"[5, 5]","('Medium', 'Hard')",27,34.621,Player_2
Minimax_AlphaBeta,Monte_Carlo_TS,"[5, 5]","('Medium', 'Hard')",29,56.878,Player_2
Monte_Carlo_TS,Minimax,"[5, 5]","('Medium', 'Hard')",19,12.545,Player_2
Monte_Carlo_TS,Minimax,"[5, 5]","('Medium', 'Hard')",16,10.616,Player_1
Monte_Carlo_TS,Minimax_AlphaBeta,"[5, 5]","('Medium', 'Hard')",19,9.141,Player_2
Monte_Carlo_TS,Minimax_AlphaBeta,"[5, 5]","('Medium', 'Hard')",16,8.555,Player_1
Monte_Carlo_TS,Monte_Carlo_TS,"[5, 5]","('Medium', 'Hard')",20,52.183,Player_1
Monte_Carlo_TS,Monte_Carlo_TS,"[5, 5]","('Medium', 'Hard')",33,-422.439,Draw
Minimax,Minimax,"[5, 5]","('Hard', 'Easy')",18,3.13,Player_1
Minimax,Minimax,"[5, 5]","('Hard', 'Easy')",17,3.7,Player_2
Minimax,Minimax_AlphaBeta,"[5, 5]","('Hard', 'Easy')",18,2.813,Player_1
Minimax,Minimax_AlphaBeta,"[5, 5]","('Hard', 'Easy')",17,3.699,Player_2
Minimax,Monte_Carlo_TS,"[5, 5]","('Hard', 'Easy')",18,2.789,Player_1
Minimax,Monte_Carlo_TS,"[5, 5]","('Hard', 'Easy')",17,3.714,Player_2
Minimax_AlphaBeta,Minimax,"[5, 5]","('Hard', 'Easy')",18,1.48,Player_1
Minimax_AlphaBeta,Minimax,"[5, 5]","('Hard', 'Easy')",17,1.384,Player_2
Minimax_AlphaBeta,Minimax_AlphaBeta,"[5, 5]","('Hard', 'Easy')",18,1.497,Player_1
Minimax_AlphaBeta,Minimax_AlphaBeta,"[5, 5]","('Hard', 'Easy')",17,1.38,Player_2
Minimax_AlphaBeta,Monte_Carlo_TS,"[5, 5]","('Hard', 'Easy')",18,1.491,Player_1
Minimax_AlphaBeta,Monte_Carlo_TS,"[5, 5]","('Hard', 'Easy')",17,1.355,Player_2
Monte_Carlo_TS,Minimax,"[5, 5]","('Hard', 'Easy')",30,48.456,Player_1
Monte_Carlo_TS,Minimax,"[5, 5]","('Hard', 'Easy')",23,37.893,Player_2
Monte_Carlo_TS,Minimax_AlphaBeta,"[5, 5]","('Hard', 'Easy')",30,47.758,Player_1
Monte_Carlo_TS,Minimax_AlphaBeta,"[5, 5]","('Hard', 'Easy')",23,38.144,Player_2
Monte_Carlo_TS,Monte_Carlo_TS,"[5, 5]","('Hard', 'Easy')",30,47.814,Player_1
Monte_Carlo_TS,Monte_Carlo_TS,"[5, 5]","('Hard', 'Easy')",23,37.901,Player_2
Minimax,Minimax,"[5, 5]","('Hard', 'Medium')",18,3.266,Player_1
Minimax,Minimax,"[5, 5]","('Hard', 'Medium')",26,2.894,Player_1
Minimax,Minimax_AlphaBeta,"[5, 5]","('Hard', 'Medium')",18,3.282,Player_1
Minimax,Minimax_AlphaBeta,"[5, 5]","('Hard', 'Medium')",26,2.887,Player_1
Minimax,Monte_Carlo_TS,"[5, 5]","('Hard', 'Medium')",16,10.635,Player_1
Minimax,Monte_Carlo_TS,"[5, 5]","('Hard', 'Medium')",19,12.469,Player_2
Minimax_AlphaBeta,Minimax,"[5, 5]","('Hard', 'Medium')",18,1.674,Player_1
Minimax_AlphaBeta,Minimax,"[5, 5]","('Hard', 'Medium')",26,1.93,Player_1
Minimax_AlphaBeta,Minimax_AlphaBeta,"[5, 5]","('Hard', 'Medium')",18,1.632,Player_1
Minimax_AlphaBeta,Minimax_AlphaBeta,"[5, 5]","('Hard', 'Medium')",26,1.932,Player_1
Minimax_AlphaBeta,Monte_Carlo_TS,"[5, 5]","('Hard', 'Medium')",16,8.463,Player_1
Minimax_AlphaBeta,Monte_Carlo_TS,"[5, 5]","('Hard', 'Medium')",19,9.159,Player_2
Monte_Carlo_TS,Minimax,"[5, 5]","('Hard', 'Medium')",29,57.314,Player_2
Monte_Carlo_TS,Minimax,"[5, 5]","('Hard', 'Medium')",27,34.514,Player_2
Monte_Carlo_TS,Minimax_AlphaBeta,"[5, 5]","('Hard', 'Medium')",29,56.992,Player_2
Monte_Carlo_TS,Minimax_AlphaBeta,"[5, 5]","('Hard', 'Medium')",27,34.561,Player_2
Monte_Carlo_TS,Monte_Carlo_TS,"[5, 5]","('Hard', 'Medium')",33,-530.42,Draw
Monte_Carlo_TS,Monte_Carlo_TS,"[5, 5]","('Hard', 'Medium')",20,52.984,Player_1
Minimax,Minimax,"[5, 5]","('Hard', 'Hard')",33,-53.219,Draw
Minimax,Minimax,"[5, 5]","('Hard', 'Hard')",33,-0.206,Draw
Minimax,Minimax_AlphaBeta,"[5, 5]","('Hard', 'Hard')",33,-0.198,Draw
Minimax,Minimax_AlphaBeta,"[5, 5]","('Hard', 'Hard')",33,-0.195,Draw
Minimax,Monte_Carlo_TS,"[5, 5]","('Hard', 'Hard')",20,45.023,Player_1
Minimax,Monte_Carlo_TS,"[5, 5]","('Hard', 'Hard')",22,46.604,Player_1
Minimax_AlphaBeta,Minimax,"[5, 5]","('Hard', 'Hard')",33,-91.85,Draw
Minimax_AlphaBeta,Minimax,"[5, 5]","('Hard', 'Hard')",33,-0.2,Draw
Minimax_AlphaBeta,Minimax_AlphaBeta,"[5, 5]","('Hard', 'Hard')",33,-0.204,Draw
Minimax_AlphaBeta,Minimax_AlphaBeta,"[5, 5]","('Hard', 'Hard')",33,-0.197,Draw
Minimax_AlphaBeta,Monte_Carlo_TS,"[5, 5]","('Hard', 'Hard')",20,37.051,Player_1
Minimax_AlphaBeta,Monte_Carlo_TS,"[5, 5]","('Hard', 'Hard')",22,44.561,Player_1
Monte_Carlo_TS,Minimax,"[5, 5]","('Hard', 'Hard')",22,46.49,Player_1
Monte_Carlo_TS,Minimax,"[5, 5]","('Hard', 'Hard')",20,44.595,Player_1
Monte_Carlo_TS,Minimax_AlphaBeta,"[5, 5]","('Hard', 'Hard')",22,45.151,Player_1
Monte_Carlo_TS,Minimax_AlphaBeta,"[5, 5]","('Hard', 'Hard')",20,36.907,Player_1
Monte_Carlo_TS,Monte_Carlo_TS,"[5, 5]","('Hard', 'Hard')",32,113.721,Player_1
Monte_Carlo_TS,Monte_Carlo_TS,"[5, 5]","('Hard', 'Hard')",32,113.905,Player_1
Minimax,Minimax,"[9, 5]","('Easy', 'Easy')",47,-482.634,Draw
Minimax,Minimax,"[9, 5]","('Easy', 'Easy')",47,-0.221,Draw
Minimax,Minimax_AlphaBeta,"[9, 5]","('Easy', 'Easy')",47,-0.199,Draw
Minimax,Minimax_AlphaBeta,"[9, 5]","('Easy', 'Easy')",47,-0.212,Draw
Minimax,Monte_Carlo_TS,"[9, 5]","('Easy', 'Easy')",47,-0.203,Draw
Minimax,Monte_Carlo_TS,"[9, 5]","('Easy', 'Easy')",47,-0.197,Draw
Minimax_AlphaBeta,Minimax,"[9, 5]","('Easy', 'Easy')",47,-0.223,Draw
Minimax_AlphaBeta,Minimax,"[9, 5]","('Easy', 'Easy')",47,-0.227,Draw
Minimax_AlphaBeta,Minimax_AlphaBeta,"[9, 5]","('Easy', 'Easy')",47,-0.206,Draw
Minimax_AlphaBeta,Minimax_AlphaBeta,"[9, 5]","('Easy', 'Easy')",47,-0.219,Draw
Minimax_AlphaBeta,Monte_Carlo_TS,"[9, 5]","('Easy', 'Easy')",47,-0.239,Draw
Minimax_AlphaBeta,Monte_Carlo_TS,"[9, 5]","('Easy', 'Easy')",47,-0.223,Draw
Monte_Carlo_TS,Minimax,"[9, 5]","('Easy', 'Easy')",47,-0.23,Draw
Monte_Carlo_TS,Minimax,"[9, 5]","('Easy', 'Easy')",47,-0.207,Draw
Monte_Carlo_TS,Minimax_AlphaBeta,"[9, 5]","('Easy', 'Easy')",47,-0.203,Draw
Monte_Carlo_TS,Minimax_AlphaBeta,"[9, 5]","('Easy', 'Easy')",47,-0.193,Draw
Monte_Carlo_TS,Monte_Carlo_TS,"[9, 5]","('Easy', 'Easy')",47,-0.208,Draw
Monte_Carlo_TS,Monte_Carlo_TS,"[9, 5]","('Easy', 'Easy')",47,-0.242,Draw
Minimax,Minimax,"[9, 5]","('Easy', 'Medium')",27,3.639,Player_2
Minimax,Minimax,"[9, 5]","('Easy', 'Medium')",26,2.479,Player_1
Minimax,Minimax_AlphaBeta,"[9, 5]","('Easy', 'Medium')",41,2.789,Player_2
Minimax,Minimax_AlphaBeta,"[9, 5]","('Easy', 'Medium')",24,1.553,Player_1
Minimax,Monte_Carlo_TS,"[9, 5]","('Easy', 'Medium')",43,92.844,Player_2
Minimax,Monte_Carlo_TS,"[9, 5]","('Easy', 'Medium')",36,227.283,Player_1
Minimax_AlphaBeta,Minimax,"[9, 5]","('Easy', 'Medium')",27,3.497,Player_2
Minimax_AlphaBeta,Minimax,"[9, 5]","('Easy', 'Medium')",26,2.49,Player_1
Minimax_AlphaBeta,Minimax_AlphaBeta,"[9, 5]","('Easy', 'Medium')",41,2.772,Player_2
Minimax_AlphaBeta,Minimax_AlphaBeta,"[9, 5]","('Easy', 'Medium')",24,1.558,Player_1
Minimax_AlphaBeta,Monte_Carlo_TS,"[9, 5]","('Easy', 'Medium')",43,92.429,Player_2
Minimax_AlphaBeta,Monte_Carlo_TS,"[9, 5]","('Easy', 'Medium')",36,226.369,Player_1
Monte_Carlo_TS,Minimax,"[9, 5]","('Easy', 'Medium')",27,3.465,Player_2
Monte_Carlo_TS,Minimax,"[9, 5]","('Easy', 'Medium')",26,2.482,Player_1
Monte_Carlo_TS,Minimax_AlphaBeta,"[9, 5]","('Easy', 'Medium')",41,2.8,Player_2
Monte_Carlo_TS,Minimax_AlphaBeta,"[9, 5]","('Easy', 'Medium')",24,1.553,Player_1
Monte_Carlo_TS,Monte_Carlo_TS,"[9, 5]","('Easy', 'Medium')",43,92.459,Player_2
Monte_Carlo_TS,Monte_Carlo_TS,"[9, 5]","('Easy', 'Medium')",36,227.459,Player_1
Minimax,Minimax,"[9, 5]","('Easy', 'Hard')",27,3.478,Player_2
Minimax,Minimax,"[9, 5]","('Easy', 'Hard')",26,2.487,Player_1
Minimax,Minimax_AlphaBeta,"[9, 5]","('Easy', 'Hard')",41,-996.195,Draw
Minimax,Minimax_AlphaBeta,"[9, 5]","('Easy', 'Hard')",30,7.171,Player_1
Minimax,Monte_Carlo_TS,"[9, 5]","('Easy', 'Hard')",47,311.388,Player_2
Minimax,Monte_Carlo_TS,"[9, 5]","('Easy', 'Hard')",39,397.108,Player_2
Minimax_AlphaBeta,Minimax,"[9, 5]","('Easy', 'Hard')",27,3.479,Player_2
Minimax_AlphaBeta,Minimax,"[9, 5]","('Easy', 'Hard')",26,2.503,Player_1
Minimax_AlphaBeta,Minimax_AlphaBeta,"[9, 5]","('Easy', 'Hard')",41,-721.92,Draw
Minimax_AlphaBeta,Minimax_AlphaBeta,"[9, 5]","('Easy', 'Hard')",30,7.044,Player_1
Minimax_AlphaBeta,Monte_Carlo_TS,"[9, 5]","('Easy', 'Hard')",47,311.16,Player_2
Minimax_AlphaBeta,Monte_Carlo_TS,"[9, 5]","('Easy', 'Hard')",39,396.656,Player_2
Monte_Carlo_TS,Minimax,"[9, 5]","('Easy', 'Hard')",27,3.487,Player_2
Monte_Carlo_TS,Minimax,"[9, 5]","('Easy', 'Hard')",26,2.503,Player_1
Monte_Carlo_TS,Minimax_AlphaBeta,"[9, 5]","('Easy', 'Hard')",41,-721.106,Draw
Monte_Carlo_TS,Minimax_AlphaBeta,"[9, 5]","('Easy', 'Hard')",30,7.047,Player_1
Monte_Carlo_TS,Monte_Carlo_TS,"[9, 5]","('Easy', 'Hard')",47,311.099,Player_2
Monte_Carlo_TS,Monte_Carlo_TS,"[9, 5]","('Easy', 'Hard')",39,396.626,Player_2
Minimax,Minimax,"[9, 5]","('Medium', 'Easy')",26,2.496,Player_1
Minimax,Minimax,"[9, 5]","('Medium', 'Easy')",27,3.476,Player_2
Minimax,Minimax_AlphaBeta,"[9, 5]","('Medium', 'Easy')",26,2.485,Player_1
Minimax,Minimax_AlphaBeta,"[9, 5]","('Medium', 'Easy')",27,3.496,Player_2
Minimax,Monte_Carlo_TS,"[9, 5]","('Medium', 'Easy')",26,2.479,Player_1
Minimax,Monte_Carlo_TS,"[9, 5]","('Medium', 'Easy')",27,3.464,Player_2
Minimax_AlphaBeta,Minimax,"[9, 5]","('Medium', 'Easy')",24,1.561,Player_1
Minimax_AlphaBeta,Minimax,"[9, 5]","('Medium', 'Easy')",41,2.78,Player_2
Minimax_AlphaBeta,Minimax_AlphaBeta,"[9, 5]","('Medium', 'Easy')",24,1.56,Player_1
Minimax_AlphaBeta,Minimax_AlphaBeta,"[9, 5]","('Medium', 'Easy')",41,2.78,Player_2
Minimax_AlphaBeta,Monte_Carlo_TS,"[9, 5]","('Medium', 'Easy')",24,1.551,Player_1
Minimax_AlphaBeta,Monte_Carlo_TS,"[9, 5]","('Medium', 'Easy')",41,2.785,Player_2
Monte_Carlo_TS,Minimax,"[9, 5]","('Medium', 'Easy')",36,226.495,Player_1
Monte_Carlo_TS,Minimax,"[9, 5]","('Medium', 'Easy')",43,92.583,Player_2
Monte_Carlo_TS,Minimax_AlphaBeta,"[9, 5]","('Medium', 'Easy')",36,227.158,Player_1
Monte_Carlo_TS,Minimax_AlphaBeta,"[9, 5]","('Medium', 'Easy')",43,92.803,Player_2
Monte_Carlo_TS,Monte_Carlo_TS,"[9, 5]","('Medium', 'Easy')",36,227.421,Player_1
Monte_Carlo_TS,Monte_Carlo_TS,"[9, 5]","('Medium', 'Easy')",43,92.862,Player_2
Minimax,Minimax,"[9, 5]","('Medium', 'Medium')",23,3.818,Player_2
Minimax,Minimax,"[9, 5]","('Medium', 'Medium')",23,3.809,Player_2
Minimax,Minimax_AlphaBeta,"[9, 5]","('Medium', 'Medium')",43,-1712.975,Draw
Minimax,Minimax_AlphaBeta,"[9, 5]","('Medium', 'Medium')",31,4.738,Player_2
Minimax,Monte_Carlo_TS,"[9, 5]","('Medium', 'Medium')",47,273.086,Player_2
Minimax,Monte_Carlo_TS,"[9, 5]","('Medium', 'Medium')",25,139.764,Player_2
Minimax_AlphaBeta,Minimax,"[9, 5]","('Medium', 'Medium')",31,4.53,Player_2
Minimax_AlphaBeta,Minimax,"[9, 5]","('Medium', 'Medium')",43,-422.36,Draw
Minimax_AlphaBeta,Minimax_AlphaBeta,"[9, 5]","('Medium', 'Medium')",40,-0.207,Draw
Minimax_AlphaBeta,Minimax_AlphaBeta,"[9, 5]","('Medium', 'Medium')",40,-0.177,Draw
Minimax_AlphaBeta,Monte_Carlo_TS,"[9, 5]","('Medium', 'Medium')",52,-0.172,Draw
Minimax_AlphaBeta,Monte_Carlo_TS,"[9, 5]","('Medium', 'Medium')",57,-0.207,Draw
Monte_Carlo_TS,Minimax,"[9, 5]","('Medium', 'Medium')",25,140.067,Player_2
Monte_Carlo_TS,Minimax,"[9, 5]","('Medium', 'Medium')",47,273.801,Player_2
Monte_Carlo_TS,Minimax_AlphaBeta,"[9, 5]","('Medium', 'Medium')",57,-414.094,Draw
Monte_Carlo_TS,Minimax_AlphaBeta,"[9, 5]","('Medium', 'Medium')",52,-0.187,Draw
Monte_Carlo_TS,Monte_Carlo_TS,"[9, 5]","('Medium', 'Medium')",56,600.232,Player_1
Monte_Carlo_TS,Monte_Carlo_TS,"[9, 5]","('Medium', 'Medium')",56,599.758,Player_1
Minimax,Minimax,"[9, 5]","('Medium', 'Hard')",23,3.877,Player_2
Minimax,Minimax,"[9, 5]","('Medium', 'Hard')",23,3.861,Player_2
Minimax,Minimax_AlphaBeta,"[9, 5]","('Medium', 'Hard')",23,4.155,Player_2
Minimax,Minimax_AlphaBeta,"[9, 5]","('Medium', 'Hard')",30,5.885,Player_1
Minimax,Monte_Carlo_TS,"[9, 5]","('Medium', 'Hard')",98,-1218.022,Draw
Minimax,Monte_Carlo_TS,"[9, 5]","('Medium', 'Hard')",35,431.953,Player_2
Minimax_AlphaBeta,Minimax,"[9, 5]","('Medium', 'Hard')",31,4.402,Player_2
Minimax_AlphaBeta,Minimax,"[9, 5]","('Medium', 'Hard')",43,-436.546,Draw
Minimax_AlphaBeta,Minimax_AlphaBeta,"[9, 5]","('Medium', 'Hard')",29,4.025,Player_2
Minimax_AlphaBeta,Minimax_AlphaBeta,"[9, 5]","('Medium', 'Hard')",55,-4.193,Draw
Minimax_AlphaBeta,Monte_Carlo_TS,"[9, 5]","('Medium', 'Hard')",42,478.185,Player_1
Minimax_AlphaBeta,Monte_Carlo_TS,"[9, 5]","('Medium', 'Hard')",31,262.383,Player_2
Monte_Carlo_TS,Minimax,"[9, 5]","('Medium', 'Hard')",25,138.987,Player_2
Monte_Carlo_TS,Minimax,"[9, 5]","('Medium', 'Hard')",47,273.694,Player_2
Monte_Carlo_TS,Minimax_AlphaBeta,"[9, 5]","('Medium', 'Hard')",25,126.423,Player_2
Monte_Carlo_TS,Minimax_AlphaBeta,"[9, 5]","('Medium', 'Hard')",36,290.466,Player_1
Monte_Carlo_TS,Monte_Carlo_TS,"[9, 5]","('Medium', 'Hard')",37,1728.179,Player_2
Monte_Carlo_TS,Monte_Carlo_TS,"[9, 5]","('Medium', 'Hard')",55,-3298.505,Draw
Minimax,Minimax,"[9, 5]","('Hard', 'Easy')",26,2.507,Player_1
Minimax,Minimax,"[9, 5]","('Hard', 'Easy')",27,3.489,Player_2
Minimax,Minimax_AlphaBeta,"[9, 5]","('Hard', 'Easy')",26,2.507,Player_1
Minimax,Minimax_AlphaBeta,"[9, 5]","('Hard', 'Easy')",27,3.49,Player_2
Minimax,Monte_Carlo_TS,"[9, 5]","('Hard', 'Easy')",26,2.504,Player_1
Minimax,Monte_Carlo_TS,"[9, 5]","('Hard', 'Easy')",27,3.526,Player_2
Minimax_AlphaBeta,Minimax,"[9, 5]","('Hard', 'Easy')",30,6.787,Player_1
Minimax_AlphaBeta,Minimax,"[9, 5]","('Hard', 'Easy')",41,-25.014,Draw
Minimax_AlphaBeta,Minimax_AlphaBeta,"[9, 5]","('Hard', 'Easy')",30,6.89,Player_1
Minimax_AlphaBeta,Minimax_AlphaBeta,"[9, 5]","('Hard', 'Easy')",41,-7.045,Draw
Minimax_AlphaBeta,Monte_Carlo_TS,"[9, 5]","('Hard', 'Easy')",30,6.722,Player_1
Minimax_AlphaBeta,Monte_Carlo_TS,"[9, 5]","('Hard', 'Easy')",41,-6.887,Draw
Monte_Carlo_TS,Minimax,"[9, 5]","('Hard', 'Easy')",39,396.972,Player_2
Monte_Carlo_TS,Minimax,"[9, 5]","('Hard', 'Easy')",47,312.094,Player_2
Monte_Carlo_TS,Minimax_AlphaBeta,"[9, 5]","('Hard', 'Easy')",39,398.776,Player_2
Monte_Carlo_TS,Minimax_AlphaBeta,"[9, 5]","('Hard', 'Easy')",47,313.134,Player_2
Monte_Carlo_TS,Monte_Carlo_TS,"[9, 5]","('Hard', 'Easy')",39,397.84,Player_2
Monte_Carlo_TS,Monte_Carlo_TS,"[9, 5]","('Hard', 'Easy')",47,312.18,Player_2
Minimax,Minimax,"[9, 5]","('Hard', 'Medium')",23,3.827,Player_2
Minimax,Minimax,"[9, 5]","('Hard', 'Medium')",23,3.834,Player_2
Minimax,Minimax_AlphaBeta,"[9, 5]","('Hard', 'Medium')",43,-2138.877,Draw
Minimax,Minimax_AlphaBeta,"[9, 5]","('Hard', 'Medium')",31,4.707,Player_2
Minimax,Monte_Carlo_TS,"[9, 5]","('Hard', 'Medium')",47,274.912,Player_2
Minimax,Monte_Carlo_TS,"[9, 5]","('Hard', 'Medium')",25,139.118,Player_2
Minimax_AlphaBeta,Minimax,"[9, 5]","('Hard', 'Medium')",30,5.875,Player_1
Minimax_AlphaBeta,Minimax,"[9, 5]","('Hard', 'Medium')",23,4.119,Player_2
Minimax_AlphaBeta,Minimax_AlphaBeta,"[9, 5]","('Hard', 'Medium')",55,-428.924,Draw
Minimax_AlphaBeta,Minimax_AlphaBeta,"[9, 5]","('Hard', 'Medium')",29,4.023,Player_2
Minimax_AlphaBeta,Monte_Carlo_TS,"[9, 5]","('Hard', 'Medium')",36,291.729,Player_1
Minimax_AlphaBeta,Monte_Carlo_TS,"[9, 5]","('Hard', 'Medium')",25,127.634,Player_2
Monte_Carlo_TS,Minimax,"[9, 5]","('Hard', 'Medium')",35,431.286,Player_2
Monte_Carlo_TS,Minimax,"[9, 5]","('Hard', 'Medium')",98,-854.882,Draw
Monte_Carlo_TS,Minimax_AlphaBeta,"[9, 5]","('Hard', 'Medium')",31,261.908,Player_2
Monte_Carlo_TS,Minimax_AlphaBeta,"[9, 5]","('Hard', 'Medium')",42,478.312,Player_1
Monte_Carlo_TS,Monte_Carlo_TS,"[9, 5]","('Hard', 'Medium')",55,-740.449,Draw
Monte_Carlo_TS,Monte_Carlo_TS,"[9, 5]","('Hard', 'Medium')",37,1724.097,Player_2
Minimax,Minimax,"[9, 5]","('Hard', 'Hard')",23,3.9,Player_2
Minimax,Minimax,"[9, 5]","('Hard', 'Hard')",23,3.778,Player_2
Minimax,Minimax_AlphaBeta,"[9, 5]","('Hard', 'Hard')",23,4.088,Player_2
Minimax,Minimax_AlphaBeta,"[9, 5]","('Hard', 'Hard')",30,5.837,Player_1
Minimax,Monte_Carlo_TS,"[9, 5]","('Hard', 'Hard')",98,-1741.907,Draw
Minimax,Monte_Carlo_TS,"[9, 5]","('Hard', 'Hard')",35,427.455,Player_2
Minimax_AlphaBeta,Minimax,"[9, 5]","('Hard', 'Hard')",30,5.851,Player_1
Minimax_AlphaBeta,Minimax,"[9, 5]","('Hard', 'Hard')",23,4.135,Player_2
Minimax_AlphaBeta,Minimax_AlphaBeta,"[9, 5]","('Hard', 'Hard')",30,5.76,Player_1
Minimax_AlphaBeta,Minimax_AlphaBeta,"[9, 5]","('Hard', 'Hard')",30,5.642,Player_1
Minimax_AlphaBeta,Monte_Carlo_TS,"[9, 5]","('Hard', 'Hard')",40,305.901,Player_1
Minimax_AlphaBeta,Monte_Carlo_TS,"[9, 5]","('Hard', 'Hard')",35,355.471,Player_2
Monte_Carlo_TS,Minimax,"[9, 5]","('Hard', 'Hard')",35,429.629,Player_2
Monte_Carlo_TS,Minimax,"[9, 5]","('Hard', 'Hard')",98,-1540.097,Draw
Monte_Carlo_TS,Minimax_AlphaBeta,"[9, 5]","('Hard', 'Hard')",35,354.704,Player_2
Monte_Carlo_TS,Minimax_AlphaBeta,"[9, 5]","('Hard', 'Hard')",40,303.069,Player_1
Monte_Carlo_TS,Monte_Carlo_TS,"[9, 5]","('Hard', 'Hard')",67,1472.348,Player_2
Monte_Carlo_TS,Monte_Carlo_TS,"[9, 5]","('Hard', 'Hard')",67,1475.348,Player_2
